<?xml version="1.0" encoding="UTF-8"?>
<project-private xmlns="http://www.netbeans.org/ns/project-private/1">
    <editor-bookmarks xmlns="http://www.netbeans.org/ns/editor-bookmarks/2" lastBookmarkId="0"/>
    <open-files xmlns="http://www.netbeans.org/ns/projectui-open-files/2">
        <group>
            <file>file:/C:/Users/krisn/OneDrive/Documents/NetBeansProjects/bookingbox/src/bookingbox/Login.java</file>
            <file>file:/C:/Users/krisn/OneDrive/Documents/NetBeansProjects/bookingbox/src/bookingbox/pendaftaran.java</file>
            <file>file:/C:/Users/krisn/OneDrive/Documents/NetBeansProjects/bookingbox/src/bookingbox/pemesanan.java</file>
            <file>file:/C:/Users/krisn/OneDrive/Documents/NetBeansProjects/bookingbox/src/bookingbox/Dashboard.java</file>
            <file>file:/C:/Users/krisn/OneDrive/Documents/NetBeansProjects/bookingbox/src/report/CompileReport.java</file>
            <file>file:/C:/Users/krisn/OneDrive/Documents/NetBeansProjects/bookingbox/src/report/laporan_pemesanan.jrxml</file>
            <file>file:/C:/Users/krisn/OneDrive/Documents/NetBeansProjects/bookingbox/src/bookingbox/koneksi.java</file>
        </group>
    </open-files>
</project-private>
